email,
Rohit.Jhamb@accenture.com,
hr@aganitha.ai,
ridam.jaiswal@awavesemi.com,
sachin.p.gulati@aexp.com,
Arpita.Saha@anarock.com,
dbhurangi@apple.com,
ssamadhiya@atlassian.com,
sachin.sharma19@aubank.in,
siddharth.anand@axtria.com,
hardik.tiwari@bluestacks.com,
prathamesh.mone@bnymellon.com,
Ramesh.Vinay@in.bosch.com,
Srishti.p@browserstack.com,
goutham@buyhatke.com,
shweta@cashkaro.com,
hrdb@cdot.in,
lekshmi.g@cred.club,
sachin.sabyasachi@dell.com,
ttitus@deloitte.com,
vikram.vij@deshaw.com,
priyankan@directi.com,
nitumoni.daimari@earlysalary.com,
NileshKumar.Devaraj@fisglobal.com,
sumit.premi@flipkart.com,
ruchita.trivedi@fractal.ai,
sheryl.fernandes@glencore.com,
abhimanyu.shrimal@gocomet.com,
universityrelations-in@google.com,
komal.mundhra@grabtaxi.com,
amit@hanu.com,
naramaia@in.ibm.com,
lovin.sharma@innovaccer.com,
basanth.kumar@insemitech.com,
Pranjali.Gupta@ril.com,
talent@lambdatest.com,
Preeti.sharma@lavainternational.in,
jsarasan@mathworks.com,
m-murakami@mercari.com,
University@microsoft.com,
rajat.khanna@mindtickle.com,
dkamboj@newtglobalcorp.com,
kamlesh.jagdale@nutanix.com,
Rohit.kumar12@olaelectric.com,
engineering@oneshot.ai,
jaspreet.walia@oracle.com,
suchitrha.s@payoda.com,
harish@plobalapps.com,
fiona.rodrigues@pocketaces.in,
tateam@practo.com,
ayushi.g@protectt.ai,
vyshak.nair@pwc.com,
vraghuna@redhat.com,
varsha.kankipati@rightbot.in,
campushiring@rnftechnologies.com,
kramavathu@salesforce.com,
s.anuj@samsung.com,
campus.srib@samsung.com,
hr@sapioglobal.com,
gokulakannan.narasim@servicenow.com,
abhinay.irala@shopconnect.live,
campushiring@sigmoidanalytics.com,
sreenu.nair@sliceit.com,
suchoritha.chatterjee@smartcoin.co.in,
anjani.swapna@sony.com,
moumita.b@samsung.com,
ak.sinha@samsung.com,
abhi.khan@stltech.in,
neha.rani@synopsys.com,
shubhac@tejasnetworks.com,
akhil@tekion.com,
lalita.pathak@tiket.com,
Indiauniversity@vmware.com,
SurenderS@yamaha-motor-india.com,
snagaraj@yugabyte.com,
Aparna.vr@zensar.com,
nikita.almeida@seikor.com,
sanju.laitonjam@zycus.com,
